Count,Name,IPAddress,Email,School,Year,Gender,Ethnicity,Identity,Major,Minor,Certificate,GradArea,Location,Industry,Goal,Hobby,Q20_1,Q20_2,Q20_3,Q20_4,Q20_5,Q20_6,Q20_7,Q20_8,Q6
1,Magnis cur,0,testemail@qemailserver.com,Pratt;School of Nursing;School of Law,Class of 1981,Male,Native American or American Indian,None,Biomedical Engineering;Global Cultural Studies;Theater Studies,Visual Arts,Digital Intelligence;Health Policy;Latinx Studies in the Global South,MD (Doctor of Medicine),Denver CO,Media Entertainment and Sports,Skill development in a specific field;Networking and professional connections;Personal growth and self-improvement;Work-life balance and time management;Emotional support,Cooking/Baking;Family Time;Fashion;Gaming;Gardening;Outdoor Activities/Hiking/Camping;Pets;Reading;Athletics/Playing Sports;Travelling;Visual Arts/Crafts;Volunteering;Music/Dance;Watching Sports;Performing Arts;Fishing/Hunting,5,7,7,0,9,8,10,2,2
2,Blandit sa,0,testemail@qemailserver.com,Divinity School,Class of 1963,Female,Native American or American Indian,None,Slavic and Eurasian Studies,Earth and Climate Sciences;Global Health;Russian and East European Literatures in Translation,Human Rights;Information Science and Information Studies;Islamic Studies,MEM (Master of Engineering Management);DVM (Doctor of Veterinary Medicine),Chicago IL,Accounting,Career exploration and decision-making;Networking and professional connections;Academic success and study skills,Family Time;Fashion;Fitness;Gaming;Gardening;Pets;Reading;Athletics/Playing Sports;Travelling;Visual Arts/Crafts;Volunteering;Watching Sports;Time with Friends;Fishing/Hunting,4,8,4,1,10,1,2,9,1
3,Sed eget! ,0,testemail@qemailserver.com,Trinity,Class of 2023;Class of 1986;Class of 1957,Male,Asian Pacific Islander;Hispanic or Latinx;White,None,African and African American Studies;Classical Civilization;Environmental Sciences,Political Science,Markets and Management;Materials Science and Engineering,MHA (Master of Healthcare Administration);MSW (Master of Social Work),Washington DC,Biotechnology,Skill development in a specific field;Networking and professional connections;Academic success and study skills;Work-life balance and time management;Emotional support,Cooking/Baking;Family Time;Fashion;Gaming;Gardening;Outdoor Activities/Hiking/Camping;Pets;Reading;Athletics/Playing Sports;Travelling;Visual Arts/Crafts;Volunteering;Movies/TV;Performing Arts,2,9,9,7,8,6,5,7,4
4,Dictumst a,0,testemail@qemailserver.com,Fuqua;The Graduate School,Class of 2021,Female,Native American or American Indian;Prefer not to answer,None,Philosophy;Theater Studies,Greek;Italian Studies,Information Science and Information Studies;Robotics and Automation,MPP (Master of Public Policy);MPH (Master of Public Health);MEng (Master of Engineering),Charlotte NC,Biotechnology,Skill development in a specific field,Family Time;Fashion;Fitness;Gaming;Gardening;Outdoor Activities/Hiking/Camping;Pets;Athletics/Playing Sports;Visual Arts/Crafts;Volunteering;Music/Dance;Watching Sports;Movies/TV;Performing Arts;Time with Friends;Fishing/Hunting,10,8,10,1,7,5,8,10,1
5,Bibendum m,0,testemail@qemailserver.com,Fuqua;Sanford;Divinity School,Class of 2019,Male,Asian;Asian Pacific Islander;Native American or American Indian,None,Economics;Evolutionary Anthropology;Public Policy Studies,English;History,East Asian Studies;Robotics and Automation;Science and the Public,MEM (Master of Engineering Management);MPH (Master of Public Health),Pacific Northwest/Seattle,Medical;Telecommunications,Career exploration and decision-making;Skill development in a specific field;Personal growth and self-improvement;Work-life balance and time management;Emotional support,Cooking/Baking;Family Time;Fashion;Fitness;Gaming;Outdoor Activities/Hiking/Camping;Pets;Reading;Athletics/Playing Sports;Travelling;Visual Arts/Crafts;Volunteering;Music/Dance;Watching Sports;Movies/TV;Performing Arts;Time with Friends,7,7,7,1,4,6,6,7,1
6,Lacus null,0,testemail@qemailserver.com,Pratt;Fuqua;DKU,Class of 2015;Class of 1969;Class of 1961,Female,Prefer not to answer,None,Visual Arts,German;Statistical Science,Aerospace Engineering;Information Science and Information Studies;Philosophy Politics and Economics,JD (Juris Doctorate/Law);MA (Master of Arts);MEM (Master of Engineering Management),Southern California,Biotechnology;Academia / Higher Ed,Career exploration and decision-making;Networking and professional connections;Academic success and study skills,Cooking/Baking;Fashion;Fitness;Gaming;Gardening;Pets;Reading;Athletics/Playing Sports;Travelling;Visual Arts/Crafts;Volunteering;Watching Sports;Movies/TV;Performing Arts;Time with Friends;Fishing/Hunting,0,3,6,9,4,5,8,5,1
7,Elit aenea,0,testemail@qemailserver.com,Pratt;Fuqua;Nicholas School of the Environment,Class of 2010;Class of 1962,Male,Black or African-American;Middle Eastern,None,Biology;Visual Arts,None,Documentary Studies;Global Development Engineering,MEM (Master of Environmental Management);MM (Master in Management);DVM (Doctor of Veterinary Medicine),Atlanta GA,Accounting;International Relations;Dentistry,Career exploration and decision-making;Networking and professional connections;Work-life balance and time management;Emotional support,Cooking/Baking;Fashion;Gaming;Outdoor Activities/Hiking/Camping;Pets;Reading;Athletics/Playing Sports;Travelling;Music/Dance;Watching Sports;Movies/TV;Performing Arts;Time with Friends;Fishing/Hunting,4,7,5,5,3,1,9,4,4
8,In donec a,0,testemail@qemailserver.com,School of Medicine;School of Nursing,Class of 2019;Class of 1991;Class of 1951,Female,Black or African-American;Middle Eastern;Native American or American Indian,None,Biology;Russian,Creative Writing;Music,Innovation and Entrepreneurship,MEd (Master of Education);MPP (Master of Public Policy);MSW (Master of Social Work),New York City/Tri-State area,Nursing;Retail and e-commerce;Energy and utilities,Work-life balance and time management,Gardening;Reading;Athletics/Playing Sports;Volunteering;Fishing/Hunting,6,3,0,6,8,4,3,4,2
9,Diam leo d,0,testemail@qemailserver.com,Pratt;Nicholas School of the Environment;Divinity School,Class of 2023;Class of 1957,Male,Black or African-American,None,Environmental Sciences and Policy;Theater Studies,Evolutionary Anthropology;Music,Ethics and Society;Latinx Studies in the Global South;Robotics and Automation,MHA (Master of Healthcare Administration);MM (Master in Management),China,Consulting and professional services;Manufacturing and engineering;Architecture and Design,Career exploration and decision-making;Networking and professional connections;Academic success and study skills;Personal growth and self-improvement;Work-life balance and time management,Cooking/Baking;Gaming;Pets;Reading;Travelling;Music/Dance;Fishing/Hunting,7,8,9,8,1,5,3,0,2
10,Malesuada ,0,testemail@qemailserver.com,Trinity,Class of 1990;Class of 1978,Female,Asian;Other,None,Computer Science;Sociology,African and African American Studies;Psychology,Innovation and Entrepreneurship;Islamic Studies;Materials Science and Engineering,MBA (Masters of Business Administration);MS (Master of Science);MM (Master in Management),UK,Medical;Healthcare;Veterinary Medicine,Career exploration and decision-making;Skill development in a specific field;Networking and professional connections;Academic success and study skills;Work-life balance and time management,Cooking/Baking;Family Time;Fitness;Gaming;Gardening;Travelling;Movies/TV;Performing Arts,3,3,9,5,2,5,3,0,1
11,Mauris pos,0,testemail@qemailserver.com,Divinity School,Class of 2023;Class of 1960,Male,Asian,None,Linguistics and Computer Science;Philosophy,Earth and Climate Sciences,Materials Science and Engineering,MFA (Master of Fine Arts),Chicago IL,Medical;Politics / Government and public sector;Product / Product Management / UX design,Career exploration and decision-making;Skill development in a specific field;Networking and professional connections;Work-life balance and time management;Emotional support,Cooking/Baking;Family Time;Fashion;Fitness;Gardening;Athletics/Playing Sports;Travelling;Visual Arts/Crafts;Volunteering;Music/Dance;Watching Sports;Movies/TV;Performing Arts;Time with Friends,0,1,6,7,0,6,2,6,2
12,Ipsum port,0,testemail@qemailserver.com,Divinity School;DKU,Class of 2002;Class of 1993,Female,Black or African-American,None,Interdisciplinary Engineering and Applied Science (IDEAS);Italian and European Studies,Global Health;Psychology,Robotics and Automation,JD (Juris Doctorate/Law);MS (Master of Science);Psy.D (Doctor of Psychology),Nashville TN,Architecture and Design;Physical Therapy,Networking and professional connections;Personal growth and self-improvement,Cooking/Baking;Fitness;Athletics/Playing Sports;Travelling;Volunteering;Movies/TV;Time with Friends,6,8,2,1,8,1,8,7,4
13,Aliquam ul,0,testemail@qemailserver.com,DKU,Class of 1997;Class of 1982,Male,Middle Eastern,None,Biology;Italian and European Studies;Statistical Science,Classical Archaeology,Documentary Studies;Information Science and Information Studies,MS (Master of Science);MHA (Master of Healthcare Administration);DVM (Doctor of Veterinary Medicine),Atlanta GA,Construction;Pharmaceutical,Career exploration and decision-making;Work-life balance and time management,Cooking/Baking;Family Time;Fashion;Fitness;Gaming;Outdoor Activities/Hiking/Camping;Pets;Reading;Athletics/Playing Sports;Travelling;Volunteering;Music/Dance;Watching Sports;Movies/TV;Performing Arts;Time with Friends;Fishing/Hunting,7,5,9,2,5,3,9,4,2
14,Convallis ,0,testemail@qemailserver.com,DKU,Class of 2016;Class of 1968;Class of 1959,Female,Black or African-American;Native American or American Indian;Prefer not to answer,None,Computational Media,Physics,Digital Intelligence;Information Science and Information Studies,JD (Juris Doctorate/Law);DVM (Doctor of Veterinary Medicine),Washington DC,Finance / Investment / Banking;Consulting and professional services;Marketing / Advertising,Career exploration and decision-making;Skill development in a specific field;Networking and professional connections;Academic success and study skills;Personal growth and self-improvement;Work-life balance and time management;Emotional support,Fashion;Fitness;Gaming;Gardening;Pets;Athletics/Playing Sports;Travelling;Visual Arts/Crafts;Volunteering;Music/Dance;Watching Sports;Performing Arts;Time with Friends,3,10,2,4,3,2,6,5,3
15,Diam rhonc,0,testemail@qemailserver.com,School of Medicine,Class of 2015;Class of 1971,Male,Middle Eastern,None,Mechanical Engineering,Global Cultural Studies;Russian Culture and Language,East Asian Studies,MEM (Master of Environmental Management),Raliegh/Durham/Chapel Hill,Environmental Science;International Relations;Dentistry,Career exploration and decision-making;Personal growth and self-improvement,Fashion,3,8,7,3,4,3,6,1,3
16,Vel wisi; ,0,testemail@qemailserver.com,Pratt;School of Medicine;School of Nursing,Class of 1991;Class of 1987,Female,Asian;Other;Prefer not to answer,None,Asian and Middle Eastern Studies;Electrical and Computer Engineering;Slavic and Eurasian Studies,Finance,Aerospace Engineering;Philosophy Politics and Economics,MM (Master in Management),Atlanta GA,Manufacturing and engineering;Accounting;Private Equity,Career exploration and decision-making;Academic success and study skills;Work-life balance and time management;Emotional support,Performing Arts,10,3,8,6,7,6,5,5,1
17,Rutrum nec,0,testemail@qemailserver.com,The Graduate School,Class of 1961,Male,Native American or American Indian,None,Economics;International Comparative Studies;Italian and European Studies,Philosophy,Energy and the Environment;Markets and Management,MHA (Master of Healthcare Administration),Raliegh/Durham/Chapel Hill,Artificial Intelligence / Machine Learning / Data Science;Venture Capital,Emotional support,Cooking/Baking;Reading;Watching Sports,1,7,4,2,5,7,6,9,1
18,Facilisi e,0,testemail@qemailserver.com,School of Nursing;Divinity School,Class of 2022;Class of 2000,Female,Asian;Black or African-American;Prefer not to answer,None,Computer Science;Cultural Anthropology,German,Innovation and Entrepreneurship,None / Not listed;MS (Master of Science);MM (Master in Management),India,Politics / Government and public sector;Agriculture and Food Science;Architecture and Design,Career exploration and decision-making;Skill development in a specific field;Networking and professional connections;Academic success and study skills;Personal growth and self-improvement;Work-life balance and time management;Emotional support,Reading,2,4,3,6,1,6,7,6,2
19,Lectus ero,0,testemail@qemailserver.com,Pratt;School of Medicine;DKU,Class of 2004;Class of 1998;Class of 1966,Male,Asian Pacific Islander,None,German,Chemistry;Psychology,Digital Intelligence;Policy Journalism and Media Studies;Science and the Public,MA (Master of Arts);MPP (Master of Public Policy);MM (Master in Management),Denver CO,Finance / Investment / Banking;Consulting and professional services;Fashion and apparel,Career exploration and decision-making;Networking and professional connections;Academic success and study skills;Emotional support,Cooking/Baking;Fashion;Outdoor Activities/Hiking/Camping;Volunteering;Music/Dance;Performing Arts,0,2,1,2,4,8,8,8,2
20,Lectus sem,0,testemail@qemailserver.com,Divinity School;School of Law,Class of 1959,Female,Asian Pacific Islander;Hispanic or Latinx;Prefer not to answer,None,History,Mathematics,East Asian Studies,MD (Doctor of Medicine);JD (Juris Doctorate/Law);MA (Master of Arts),Nashville TN,Real estate,Career exploration and decision-making;Work-life balance and time management,Cooking/Baking;Fitness;Outdoor Activities/Hiking/Camping;Pets;Reading;Travelling;Volunteering;Movies/TV,1,9,7,8,2,7,9,9,2
21,Sit quam a,0,testemail@qemailserver.com,School of Medicine;School of Nursing,Class of 1951,Male,Prefer not to answer,None,Civil Engineering;Linguistics;Psychology,Energy Engineering;Gender Sexuality and Feminist Studies;Latin,Islamic Studies,JD (Juris Doctorate/Law);MS (Master of Science);MPP (Master of Public Policy),Denver CO,Aerospace and Defense,Career exploration and decision-making;Skill development in a specific field;Networking and professional connections;Academic success and study skills;Personal growth and self-improvement;Work-life balance and time management;Emotional support,Cooking/Baking;Family Time;Fashion;Fitness;Gaming;Gardening;Outdoor Activities/Hiking/Camping;Pets;Reading;Athletics/Playing Sports;Travelling;Visual Arts/Crafts;Volunteering;Music/Dance;Watching Sports;Movies/TV;Fishing/Hunting,10,2,2,8,1,8,0,7,4
22,Tempus; ut,0,testemail@qemailserver.com,Nicholas School of the Environment,Class of 1986;Class of 1971,Female,Middle Eastern;White,None,Asian and Middle Eastern Studies;Global Cultural Studies,Visual and Media Studies,Materials Science and Engineering,JD (Juris Doctorate/Law);Psy.D (Doctor of Psychology),Atlanta GA,Nursing;Marketing / Advertising;Telecommunications,Career exploration and decision-making,Cooking/Baking;Family Time;Fashion;Fitness;Gaming;Gardening;Reading;Athletics/Playing Sports;Visual Arts/Crafts;Music/Dance;Movies/TV;Performing Arts;Time with Friends;Fishing/Hunting,3,10,5,1,1,8,3,5,3
23,Ultricies ,0,testemail@qemailserver.com,Trinity;School of Medicine;The Graduate School,Class of 2004;Class of 1978,Male,Native American or American Indian,None,Linguistics,Computer Science;Political Science,Human Rights;Science and the Public,Psy.D (Doctor of Psychology),Northern California,Arts / Creative industries;Manufacturing and engineering;Telecommunications,Skill development in a specific field;Academic success and study skills;Personal growth and self-improvement;Work-life balance and time management,Cooking/Baking;Fashion;Fitness;Gardening;Outdoor Activities/Hiking/Camping;Pets;Reading;Athletics/Playing Sports;Visual Arts/Crafts;Volunteering;Music/Dance;Watching Sports;Movies/TV;Performing Arts;Time with Friends;Fishing/Hunting,8,6,6,5,7,6,1,7,4
24,Accusamus;,0,testemail@qemailserver.com,School of Law,Class of 1991,Female,Hispanic or Latinx;White;Other,None,Electrical and Computer Engineering;Marine Science and Conservation;Russian,Environmental Sciences and Policy,None;Aerospace Engineering;Information Science and Information Studies,MEM (Master of Environmental Management),UK,Education;Non-profit and Social Services;Agriculture and Food Science,Networking and professional connections;Personal growth and self-improvement,Cooking/Baking;Gardening;Pets;Travelling;Fishing/Hunting,9,2,2,7,1,10,4,8,3
25,Amet dolor,0,testemail@qemailserver.com,School of Nursing;The Graduate School,Class of 2000;Class of 1958,Male,Asian Pacific Islander;Black or African-American;Prefer not to answer,None,Biology;Electrical and Computer Engineering,None,Philosophy Politics and Economics;Science and the Public,MEng (Master of Engineering),Boston MA,Law / Legal services,Career exploration and decision-making;Skill development in a specific field;Networking and professional connections;Academic success and study skills;Personal growth and self-improvement;Work-life balance and time management;Emotional support,Travelling,4,3,0,7,8,2,4,4,1
26,Dui ultric,0,testemail@qemailserver.com,Trinity;School of Law,Class of 1994;Class of 1969;Class of 1952,Female,Asian Pacific Islander;Hispanic or Latinx;Native American or American Indian,None,Biomedical Engineering;English;Sociology,Creative Writing,Aerospace Engineering;Child Policy Research;Documentary Studies,Psy.D (Doctor of Psychology);MSW (Master of Social Work);MPH (Master of Public Health),Pacific Northwest/Seattle,Environmental Science,Networking and professional connections;Academic success and study skills;Emotional support,Family Time;Fashion;Fitness;Gaming;Gardening;Outdoor Activities/Hiking/Camping;Pets;Visual Arts/Crafts;Volunteering;Watching Sports;Movies/TV;Performing Arts;Time with Friends,5,7,4,1,1,7,1,3,4
27,Etiam leo ,0,testemail@qemailserver.com,School of Medicine,Class of 2008;Class of 1963,Male,Native American or American Indian,None,Philosophy,None;Classical Civilization;Computer Science,Digital Intelligence;Information Science and Information Studies,MD (Doctor of Medicine);MEM (Master of Environmental Management),EU,Finance / Investment / Banking;Manufacturing and engineering;STEM,Career exploration and decision-making;Skill development in a specific field;Networking and professional connections;Academic success and study skills;Personal growth and self-improvement;Work-life balance and time management;Emotional support,Fashion;Gaming;Outdoor Activities/Hiking/Camping;Reading;Travelling;Visual Arts/Crafts;Movies/TV,4,1,8,7,3,2,2,3,3
28,Ipsum! Sol,0,testemail@qemailserver.com,Pratt,Class of 1972,Female,Native American or American Indian;White;Other,None,Asian and Middle Eastern Studies;Brazilian and Global Portuguese Studies;Computer Science,Computer Science;Energy Engineering,None;Innovation and Entrepreneurship,MPA (Master of Public Administration);MPH (Master of Public Health),Washington DC,Transportation and logistics;International Relations;Religion,Skill development in a specific field;Academic success and study skills;Personal growth and self-improvement;Work-life balance and time management;Emotional support,Family Time;Fashion;Fitness;Gaming;Gardening;Outdoor Activities/Hiking/Camping;Pets;Reading;Athletics/Playing Sports;Travelling;Visual Arts/Crafts;Volunteering;Music/Dance;Watching Sports;Movies/TV;Performing Arts;Time with Friends;Fishing/Hunting,2,3,1,2,6,8,8,4,3
29,Cras. Lore,0,testemail@qemailserver.com,School of Law;The Graduate School,Class of 1951,Male,Hispanic or Latinx,None,Biophysics;English;Environmental Sciences,None;Energy Engineering;Gender Sexuality and Feminist Studies,Human Rights,MBA (Masters of Business Administration);PhD (Doctor of Philosophy);MSN (Master of Science in Nursing),Philadelphia and Mid/Southern New Jersey,Education;Hospitality and tourism;International Relations,Networking and professional connections;Academic success and study skills;Work-life balance and time management,Cooking/Baking;Gaming;Athletics/Playing Sports;Travelling;Watching Sports;Performing Arts;Time with Friends;Fishing/Hunting,6,5,7,4,7,8,2,9,2
30,Tempor. Du,0,testemail@qemailserver.com,School of Law;DKU,Class of 2017;Class of 1985;Class of 1978,Female,Asian Pacific Islander;Black or African-American,None,African and African American Studies;Brazilian and Global Portuguese Studies;History,Earth and Climate Sciences;Italian Studies;Linguistics,Child Policy Research;Policy Journalism and Media Studies;Science and the Public,MA (Master of Arts);MSN (Master of Science in Nursing);MM (Master in Management),Nashville TN,Law / Legal services;Research and Development;Dentistry,Skill development in a specific field;Networking and professional connections;Academic success and study skills;Work-life balance and time management,Cooking/Baking;Family Time;Fitness;Gaming;Gardening;Outdoor Activities/Hiking/Camping;Reading;Athletics/Playing Sports;Travelling;Visual Arts/Crafts;Volunteering;Music/Dance;Watching Sports;Performing Arts,4,4,6,7,4,7,9,0,3
31,Porttitor.,0,testemail@qemailserver.com,Sanford;School of Medicine;DKU,Class of 2020;Class of 1999;Class of 1983,Male,Hispanic or Latinx;Middle Eastern;White,None,Economics;Marine Science and Conservation;Spanish Latin American and Latinx Studies,Computer Science;Environmental Sciences and Policy;Neuroscience,Documentary Studies,MEM (Master of Environmental Management),Denver CO,Law / Legal services;Retail and e-commerce;Religion,Career exploration and decision-making;Networking and professional connections;Academic success and study skills;Personal growth and self-improvement;Work-life balance and time management;Emotional support,Gaming;Athletics/Playing Sports;Music/Dance;Watching Sports;Performing Arts;Time with Friends;Fishing/Hunting,4,3,6,7,5,9,1,8,1
32,Id proin s,0,testemail@qemailserver.com,Pratt;Fuqua;School of Nursing,Class of 2021;Class of 2003;Class of 1992,Female,Native American or American Indian,None,Interdisciplinary Engineering and Applied Science (IDEAS),Electrical and Computer Engineering;Musical Theater,Information Science and Information Studies;Innovation and Entrepreneurship;Sustainability Engagement,MPH (Master of Public Health),Boston MA,Education;Military,Skill development in a specific field;Academic success and study skills;Work-life balance and time management,Cooking/Baking;Family Time;Fashion;Gaming;Gardening;Outdoor Activities/Hiking/Camping;Pets;Reading;Athletics/Playing Sports;Visual Arts/Crafts;Music/Dance;Watching Sports;Movies/TV;Performing Arts;Time with Friends;Fishing/Hunting,9,6,6,1,4,4,1,4,4
33,Viverra eg,0,testemail@qemailserver.com,Trinity;Nicholas School of the Environment,Class of 2021,Male,Hispanic or Latinx;Prefer not to answer,None,Visual Arts,Gender Sexuality and Feminist Studies;Polish Culture and Language;Religious Studies,Global Development Engineering;Policy Journalism and Media Studies,PhD (Doctor of Philosophy);MEd (Master of Education);DVM (Doctor of Veterinary Medicine),Boston MA,Energy and utilities;Politics / Government and public sector,Career exploration and decision-making;Skill development in a specific field;Networking and professional connections;Academic success and study skills;Work-life balance and time management;Emotional support,Gaming;Movies/TV;Fishing/Hunting,8,0,2,7,3,7,9,1,2
34,Montes arc,0,testemail@qemailserver.com,DKU,Class of 2023;Class of 1987;Class of 1979,Female,Middle Eastern;Native American or American Indian,None,Art History and Visual Arts;History;Sociology,Spanish Studies,Markets and Management,MFA (Master of Fine Arts),Denver CO,Medical;Environmental Science;Dentistry,Career exploration and decision-making;Skill development in a specific field;Academic success and study skills;Work-life balance and time management;Emotional support,Family Time;Fashion;Gaming;Pets;Reading;Athletics/Playing Sports;Travelling;Volunteering;Music/Dance;Movies/TV;Fishing/Hunting,1,6,5,7,1,9,4,1,1
35,Duis moles,0,testemail@qemailserver.com,Fuqua;Nicholas School of the Environment;The Graduate School,Class of 1986,Male,Asian;White,None,Ancient Religion and Society;Earth and Climate Sciences,Classical Civilization,Architectural Engineering;Robotics and Automation,JD (Juris Doctorate/Law);MSW (Master of Social Work);MM (Master in Management),New York City/Tri-State area,Private Equity,Networking and professional connections;Personal growth and self-improvement,Cooking/Baking;Family Time;Fashion;Fitness;Gaming;Gardening;Outdoor Activities/Hiking/Camping;Pets;Athletics/Playing Sports;Travelling;Volunteering;Music/Dance;Watching Sports;Movies/TV;Performing Arts,4,8,7,9,1,0,1,0,4
36,Enim mauri,0,testemail@qemailserver.com,Pratt;Nicholas School of the Environment;School of Law,Class of 1981,Female,Asian;Asian Pacific Islander;Other,None,Brazilian and Global Portuguese Studies,Asian and Middle Eastern Studies;Computer Science;German,East Asian Studies;Latin American Studies;Sustainability Engagement,MS (Master of Science);MEd (Master of Education);MEM (Master of Engineering Management),Charlotte NC,Venture Capital;Dentistry,Networking and professional connections;Personal growth and self-improvement,Family Time;Fashion;Fitness;Gaming;Gardening;Outdoor Activities/Hiking/Camping;Pets;Reading;Athletics/Playing Sports;Travelling;Visual Arts/Crafts;Volunteering;Music/Dance;Watching Sports;Movies/TV;Performing Arts;Time with Friends;Fishing/Hunting,7,5,3,9,8,6,10,8,4
37,Est! Mauri,0,testemail@qemailserver.com,Pratt;Fuqua;Divinity School,Class of 2014;Class of 1997,Male,Asian Pacific Islander;Prefer not to answer,None,Dance;Linguistics,Cinematic Arts;Visual Arts,Digital Intelligence;Ethics and Society;Latin American Studies,None / Not listed;MS (Master of Science);MSN (Master of Science in Nursing),Chicago IL,Arts / Creative industries;Fashion and apparel;Telecommunications,Academic success and study skills,Fashion;Fitness;Gaming;Gardening;Reading;Visual Arts/Crafts;Volunteering;Music/Dance;Watching Sports;Performing Arts,8,7,3,5,6,8,9,1,3
38,Pretium te,0,testemail@qemailserver.com,Pratt;Fuqua;DKU,Class of 1984;Class of 1954,Female,Asian Pacific Islander;Hispanic or Latinx;Middle Eastern,None,Global Cultural Studies,German;Marine Science and Conservation,Policy Journalism and Media Studies,MHA (Master of Healthcare Administration);DVM (Doctor of Veterinary Medicine),Washington DC,Healthcare;Telecommunications;Agriculture and Food Science,Career exploration and decision-making;Skill development in a specific field;Networking and professional connections;Academic success and study skills;Personal growth and self-improvement;Work-life balance and time management;Emotional support,Cooking/Baking;Family Time;Fashion;Gaming;Gardening;Reading;Athletics/Playing Sports;Travelling;Visual Arts/Crafts;Volunteering;Music/Dance;Watching Sports;Movies/TV;Performing Arts,2,2,9,1,8,6,6,7,3
39,Sollicitud,0,testemail@qemailserver.com,School of Nursing,Class of 2023,Male,Asian Pacific Islander;Black or African-American;Other,None,African and African American Studies;Italian and European Studies;Public Policy Studies,Computational Biology and Bioinformatics;Marine Science and Conservation;Visual and Media Studies,Documentary Studies,MA (Master of Arts);MPP (Master of Public Policy);DVM (Doctor of Veterinary Medicine),India,Journalism;Transportation and logistics,Networking and professional connections;Academic success and study skills;Work-life balance and time management,Cooking/Baking;Family Time;Fashion;Gaming;Gardening;Outdoor Activities/Hiking/Camping;Reading;Visual Arts/Crafts;Volunteering;Watching Sports;Movies/TV;Performing Arts;Time with Friends;Fishing/Hunting,3,2,3,2,3,4,10,7,1
40,Interdum s,0,testemail@qemailserver.com,DKU,Class of 2005;Class of 1975,Female,Middle Eastern;Native American or American Indian,None,Marine Science and Conservation,Photography,Markets and Management,MSW (Master of Social Work),Charlotte NC,Physical Therapy,Career exploration and decision-making;Skill development in a specific field;Networking and professional connections;Academic success and study skills;Personal growth and self-improvement;Work-life balance and time management;Emotional support,Movies/TV,8,9,7,5,1,1,8,3,2
41,Vel! Vivam,0,testemail@qemailserver.com,DKU,Class of 2023;Class of 2000;Class of 1999,Male,Hispanic or Latinx;Other,None,Biomedical Engineering,None;Asian American and Diaspora Studies;Spanish Studies,Ethics and Society;Sustainability Engagement,PhD (Doctor of Philosophy);MFA (Master of Fine Arts);MA (Master of Arts),New York City/Tri-State area,Education;Media Entertainment and Sports;Transportation and logistics,Academic success and study skills;Personal growth and self-improvement,Cooking/Baking;Family Time;Fashion;Fitness;Gaming;Gardening;Outdoor Activities/Hiking/Camping;Pets;Reading;Athletics/Playing Sports;Travelling;Visual Arts/Crafts;Volunteering;Music/Dance;Watching Sports;Movies/TV;Performing Arts;Time with Friends;Fishing/Hunting,4,6,5,9,8,3,8,1,3
42,Dolor metu,0,testemail@qemailserver.com,School of Medicine,Class of 2022;Class of 2007;Class of 1971,Female,Middle Eastern,None,Asian and Middle Eastern Studies;Classical Languages;Electrical and Computer Engineering,Greek,Sustainability Engagement,None / Not listed;MSW (Master of Social Work),Philadelphia and Mid/Southern New Jersey,Medical;Non-profit and Social Services;Telecommunications,Networking and professional connections;Personal growth and self-improvement,Cooking/Baking;Fishing/Hunting,6,3,2,2,2,8,5,5,4
43,Sit. Purus,0,testemail@qemailserver.com,School of Medicine;DKU,Class of 1982,Male,Other,None,Italian and European Studies;Sociology,Global Health;Neuroscience;Philosophy,Global Development Engineering,JD (Juris Doctorate/Law);DVM (Doctor of Veterinary Medicine),Washington DC,Fashion and apparel;Artificial Intelligence / Machine Learning / Data Science;Physical Therapy,Networking and professional connections;Academic success and study skills,Fashion;Gaming;Outdoor Activities/Hiking/Camping;Reading;Athletics/Playing Sports;Travelling;Watching Sports;Movies/TV;Fishing/Hunting,10,6,5,4,10,7,9,9,1
44,Nec nibh i,0,testemail@qemailserver.com,Sanford;The Graduate School,Class of 2017;Class of 2013,Female,Hispanic or Latinx;Other,None,Spanish Latin American and Latinx Studies,Environmental Sciences and Policy;Russian Culture and Language;Visual Arts,Digital Intelligence,MS (Master of Science),Boston MA,Manufacturing and engineering,Career exploration and decision-making;Networking and professional connections;Work-life balance and time management,Cooking/Baking;Family Time;Outdoor Activities/Hiking/Camping;Watching Sports;Movies/TV;Time with Friends;Fishing/Hunting,4,6,6,3,1,4,0,8,4
45,Auctor non,0,testemail@qemailserver.com,School of Nursing;Nicholas School of the Environment;Divinity School,Class of 2022;Class of 1970;Class of 1964,Male,Prefer not to answer,None,Religious Studies;Sociology;Spanish Latin American and Latinx Studies,Dance;Medical Sociology,Markets and Management,MPP (Master of Public Policy);MPH (Master of Public Health),Charlotte NC,STEM;Telecommunications,Career exploration and decision-making;Academic success and study skills;Emotional support,Family Time;Fashion;Fitness;Gaming;Gardening;Outdoor Activities/Hiking/Camping;Reading;Volunteering;Music/Dance;Movies/TV;Performing Arts;Time with Friends;Fishing/Hunting,5,4,2,5,4,9,5,1,2
46,Sed cras a,0,testemail@qemailserver.com,School of Medicine;Divinity School,Class of 1951,Female,Asian Pacific Islander;Hispanic or Latinx;Prefer not to answer,None,African and African American Studies;Medieval and Renaissance Studies;Statistical Science,Finance;Sociology;Theater Studies,Decision Sciences;Energy and the Environment;Sustainability Engagement,MFA (Master of Fine Arts);MPP (Master of Public Policy),Pacific Northwest/Seattle,Nursing;Architecture and Design,Career exploration and decision-making;Skill development in a specific field;Personal growth and self-improvement;Work-life balance and time management;Emotional support,Cooking/Baking;Family Time;Fashion;Fitness;Outdoor Activities/Hiking/Camping;Reading;Athletics/Playing Sports;Travelling;Visual Arts/Crafts;Volunteering;Music/Dance;Performing Arts;Time with Friends;Fishing/Hunting,4,1,9,3,1,2,8,4,2
47,Est ultric,0,testemail@qemailserver.com,School of Medicine;Divinity School,Class of 1970;Class of 1964,Male,Asian Pacific Islander,None,Dance;English;Theater Studies,None;Sociology,Materials Science and Engineering,MEM (Master of Environmental Management);MPH (Master of Public Health),Richmond VA,Media Entertainment and Sports;Biotechnology;Environmental Science,Skill development in a specific field;Academic success and study skills;Personal growth and self-improvement;Emotional support,Outdoor Activities/Hiking/Camping;Watching Sports,10,9,9,6,6,10,9,7,4
48,Dictumst v,0,testemail@qemailserver.com,School of Medicine,Class of 1985;Class of 1963,Female,Middle Eastern,None,Global Cultural Studies;Linguistics and Computer Science,Chemistry;Marine Science and Conservation,Architectural Engineering;Global Development Engineering;Sustainability Engagement,MPH (Master of Public Health),New York City/Tri-State area,Research and Development;Accounting,Career exploration and decision-making;Skill development in a specific field;Personal growth and self-improvement;Work-life balance and time management;Emotional support,Fashion;Gardening;Movies/TV;Time with Friends;Fishing/Hunting,8,10,4,3,0,8,8,6,4
49,Eu. Cursus,0,testemail@qemailserver.com,Sanford;School of Medicine;DKU,Class of 2014;Class of 1997;Class of 1957,Male,Hispanic or Latinx,None,Electrical and Computer Engineering,Classical Civilization;Marine Science and Conservation;Sociology,Aerospace Engineering,MEd (Master of Education);MEM (Master of Environmental Management),India,Pharmaceutical,Skill development in a specific field;Networking and professional connections;Academic success and study skills;Personal growth and self-improvement;Work-life balance and time management;Emotional support,Cooking/Baking;Family Time;Fashion;Gaming;Outdoor Activities/Hiking/Camping;Pets;Reading;Athletics/Playing Sports;Travelling;Visual Arts/Crafts;Volunteering;Music/Dance;Watching Sports;Movies/TV;Performing Arts;Time with Friends;Fishing/Hunting,5,9,8,5,7,3,2,1,2
50,Dignissim ,0,testemail@qemailserver.com,Sanford;Divinity School;The Graduate School,Class of 2006;Class of 1989,Female,Native American or American Indian,None,Neuroscience;Romance Studies;Theater Studies,Classical Archaeology;German;Visual and Media Studies,Architectural Engineering;Information Science and Information Studies,JD (Juris Doctorate/Law);MS (Master of Science);MEd (Master of Education),Baltimore MD,Marketing / Advertising;Product / Product Management / UX design,Emotional support,Cooking/Baking;Fitness;Gaming;Outdoor Activities/Hiking/Camping;Reading;Travelling;Visual Arts/Crafts;Movies/TV;Performing Arts;Time with Friends;Fishing/Hunting,4,6,4,1,2,0,2,7,2
51,Curabitur ,0,testemail@qemailserver.com,The Graduate School,Class of 1994;Class of 1987,Male,Asian,None,Biology,Brazilian and Global Portuguese Studies;Religious Studies,Digital Intelligence,MBA (Masters of Business Administration),Atlanta GA,Hospitality and tourism;Agriculture and Food Science,Career exploration and decision-making;Emotional support,Family Time;Fitness;Gaming;Gardening;Outdoor Activities/Hiking/Camping;Pets;Reading;Visual Arts/Crafts;Volunteering;Watching Sports;Movies/TV;Time with Friends;Fishing/Hunting,3,8,6,1,8,7,0,3,2
52,Potenti bl,0,testemail@qemailserver.com,Divinity School;DKU,Class of 1951,Female,Asian,None,Cultural Anthropology;Evolutionary Anthropology;Mathematics,Chemistry;English,Decision Sciences;Materials Science and Engineering,MS (Master of Science);MEd (Master of Education);MEM (Master of Environmental Management),Houston/Dallas/Austin,Environmental Science;International Relations,Academic success and study skills;Emotional support,Fashion;Watching Sports;Fishing/Hunting,7,8,3,10,8,8,4,3,1
53,Eleifend m,0,testemail@qemailserver.com,Pratt;School of Medicine,Class of 2017;Class of 1990;Class of 1980,Male,Other,None,Global Health,Electrical and Computer Engineering;Russian Culture and Language,Decision Sciences,MPH (Master of Public Health),EU,Telecommunications;Religion,Career exploration and decision-making;Skill development in a specific field;Academic success and study skills;Personal growth and self-improvement;Work-life balance and time management;Emotional support,Cooking/Baking;Family Time;Fashion;Fitness;Gardening;Outdoor Activities/Hiking/Camping;Reading;Athletics/Playing Sports;Travelling;Visual Arts/Crafts;Volunteering;Watching Sports;Movies/TV;Performing Arts;Fishing/Hunting,9,8,8,9,9,6,1,5,2
54,Platea vel,0,testemail@qemailserver.com,Trinity;The Graduate School,Class of 2016;Class of 2013;Class of 1995,Female,Hispanic or Latinx;Prefer not to answer,None,Environmental Sciences;Political Science;Theater Studies,African and African American Studies;Cinematic Arts;Medical Sociology,Decision Sciences;Robotics and Automation,MS (Master of Science);MEd (Master of Education);MSN (Master of Science in Nursing),UK,Law / Legal services;Aerospace and Defense;Veterinary Medicine,Career exploration and decision-making;Skill development in a specific field;Academic success and study skills;Work-life balance and time management,Family Time;Fashion;Fitness;Gaming;Gardening;Outdoor Activities/Hiking/Camping;Pets;Reading;Athletics/Playing Sports;Travelling;Visual Arts/Crafts;Music/Dance;Movies/TV;Performing Arts;Fishing/Hunting,7,0,9,4,2,6,7,0,2
55,Tellus fri,0,testemail@qemailserver.com,School of Nursing,Class of 1994;Class of 1993,Male,White;Prefer not to answer,None,Evolutionary Anthropology,Dance,Innovation and Entrepreneurship;Islamic Studies;Materials Science and Engineering,MBA (Masters of Business Administration),EU,Medical;Law / Legal services,Skill development in a specific field;Personal growth and self-improvement;Emotional support,Family Time;Fashion;Fitness;Gaming;Gardening;Pets;Reading;Athletics/Playing Sports;Volunteering;Performing Arts,4,3,8,2,5,5,3,8,2
56,Dictumst p,0,testemail@qemailserver.com,Sanford;School of Law,Class of 2006;Class of 1968,Female,White;Other,None,Environmental Engineering;International Comparative Studies;Political Science,Brazilian and Global Portuguese Studies;Creative Writing;History,Documentary Studies;Ethics and Society;Health Policy,MS (Master of Science);MEM (Master of Engineering Management),Charlotte NC,Environmental Science,Skill development in a specific field;Networking and professional connections;Academic success and study skills;Personal growth and self-improvement;Work-life balance and time management;Emotional support,Volunteering;Fishing/Hunting,3,5,6,8,2,6,0,7,4
57,Morbi tinc,0,testemail@qemailserver.com,DKU,Class of 2002;Class of 1988;Class of 1956,Male,Hispanic or Latinx,None,Global Cultural Studies;International Comparative Studies,Biology;German;History,Aerospace Engineering,MD (Doctor of Medicine),Northern California,Finance / Investment / Banking;Politics / Government and public sector;Architecture and Design,Career exploration and decision-making;Skill development in a specific field;Networking and professional connections;Academic success and study skills;Personal growth and self-improvement;Work-life balance and time management;Emotional support,Gaming;Athletics/Playing Sports;Travelling;Visual Arts/Crafts;Volunteering,5,2,8,7,5,3,4,3,3
58,Duis; phar,0,testemail@qemailserver.com,Trinity;Sanford;DKU,Class of 1977,Female,Asian Pacific Islander;Other,None,Environmental Sciences;Visual Arts,None;Political Science,Energy and the Environment;Health Policy;Islamic Studies,MA (Master of Arts);MSN (Master of Science in Nursing);MEM (Master of Environmental Management),Southern California,Media Entertainment and Sports;Fashion and apparel;Venture Capital,Career exploration and decision-making;Skill development in a specific field;Networking and professional connections;Academic success and study skills;Personal growth and self-improvement;Work-life balance and time management;Emotional support,Cooking/Baking;Family Time;Fashion;Fitness;Gaming;Gardening;Outdoor Activities/Hiking/Camping;Pets;Reading;Athletics/Playing Sports;Travelling;Visual Arts/Crafts;Volunteering;Music/Dance;Watching Sports;Movies/TV;Performing Arts;Time with Friends;Fishing/Hunting,9,1,8,2,6,7,4,2,2
59,Tempora ip,0,testemail@qemailserver.com,School of Medicine;School of Nursing;DKU,Class of 1953,Male,Asian Pacific Islander;Prefer not to answer,None,Linguistics and Computer Science,Greek;Physics,Innovation and Entrepreneurship;Markets and Management,MA (Master of Arts),Charlotte NC,STEM,Career exploration and decision-making;Skill development in a specific field;Networking and professional connections;Academic success and study skills;Personal growth and self-improvement;Work-life balance and time management;Emotional support,Cooking/Baking;Family Time;Fashion;Fitness;Gaming;Gardening;Outdoor Activities/Hiking/Camping;Pets;Reading;Athletics/Playing Sports;Travelling;Visual Arts/Crafts;Volunteering;Music/Dance;Watching Sports;Movies/TV;Performing Arts;Time with Friends;Fishing/Hunting,4,4,3,6,6,2,4,10,2
60,Morbi sem ,0,testemail@qemailserver.com,Pratt,Class of 2008,Female,Asian Pacific Islander;Middle Eastern,None,Chemistry;Cultural Anthropology,Psychology,Markets and Management;Materials Science and Engineering;Policy Journalism and Media Studies,MEd (Master of Education);MEM (Master of Engineering Management);MM (Master in Management),EU,Aerospace and Defense;Private Equity,Career exploration and decision-making;Skill development in a specific field;Personal growth and self-improvement,Watching Sports,3,8,3,7,6,3,4,8,4
61,Consectetu,0,testemail@qemailserver.com,School of Nursing,Class of 1996;Class of 1953,Male,Asian Pacific Islander,None,Physics,Medical Sociology;Philosophy;Visual and Media Studies,Architectural Engineering;Philosophy Politics and Economics;Policy Journalism and Media Studies,MFA (Master of Fine Arts);MA (Master of Arts),India,Manufacturing and engineering;Construction,Skill development in a specific field;Networking and professional connections;Academic success and study skills;Personal growth and self-improvement,Gardening;Travelling;Visual Arts/Crafts;Performing Arts;Time with Friends,7,3,8,4,3,1,2,3,1
62,Bibendum m,0,testemail@qemailserver.com,School of Nursing;Nicholas School of the Environment;The Graduate School,Class of 1964;Class of 1961,Female,White,None,Brazilian and Global Portuguese Studies,Classical Civilization,Policy Journalism and Media Studies;Robotics and Automation,PhD (Doctor of Philosophy);MPP (Master of Public Policy);MSW (Master of Social Work),Baltimore MD,Architecture and Design,Skill development in a specific field,Cooking/Baking;Family Time;Fashion;Fitness;Gaming;Gardening;Outdoor Activities/Hiking/Camping;Pets;Reading;Athletics/Playing Sports;Volunteering;Music/Dance;Movies/TV;Performing Arts;Fishing/Hunting,5,3,5,0,6,6,5,2,3
63,Temporibus,0,testemail@qemailserver.com,The Graduate School,Class of 2014;Class of 2004;Class of 1991,Male,Middle Eastern,None,Classical Civilization;Romance Studies;Visual and Media Studies,German,Aerospace Engineering;Ethics and Society;Health Policy,MD (Doctor of Medicine);MEM (Master of Engineering Management);MSW (Master of Social Work),EU,Medical;Manufacturing and engineering;Real estate,Networking and professional connections,Cooking/Baking;Family Time;Fashion;Fitness;Gaming;Gardening;Outdoor Activities/Hiking/Camping;Pets;Reading;Athletics/Playing Sports;Travelling;Visual Arts/Crafts;Volunteering;Music/Dance;Watching Sports;Movies/TV;Performing Arts;Fishing/Hunting,8,2,3,5,7,0,2,2,4
64,Nulla; sol,0,testemail@qemailserver.com,Fuqua;Nicholas School of the Environment;Divinity School,Class of 2019;Class of 1965;Class of 1952,Female,Asian;Native American or American Indian;White,None,Biophysics;Chemistry;Theater Studies,Greek,Jewish Studies;Latinx Studies in the Global South;Sustainability Engagement,MEM (Master of Engineering Management);MM (Master in Management),Baltimore MD,Real estate,Emotional support,Gaming;Outdoor Activities/Hiking/Camping;Reading;Athletics/Playing Sports;Travelling;Volunteering;Music/Dance;Fishing/Hunting,5,2,2,9,4,10,6,10,4
65,Non ultric,0,testemail@qemailserver.com,Trinity,Class of 1997,Male,Asian Pacific Islander;Hispanic or Latinx;White,None,Gender Sexuality and Feminist Studies,Russian Culture and Language,Architectural Engineering;Islamic Studies,MM (Master in Management),UK,Real estate,Career exploration and decision-making;Networking and professional connections;Academic success and study skills;Personal growth and self-improvement;Work-life balance and time management;Emotional support,Family Time;Fashion;Outdoor Activities/Hiking/Camping;Pets;Watching Sports,1,9,4,3,10,8,4,7,2
66,Potenti ul,0,testemail@qemailserver.com,School of Medicine;School of Nursing;Nicholas School of the Environment,Class of 2006;Class of 1989;Class of 1982,Female,Other,None,Public Policy Studies;Russian;Sociology,Inequality Studies;Political Science,Decision Sciences;Global Development Engineering,MA (Master of Arts);MEM (Master of Engineering Management),Southern California,Nursing,Networking and professional connections;Emotional support,Fashion;Fitness;Gaming;Reading;Travelling;Visual Arts/Crafts;Volunteering;Performing Arts,2,7,8,5,8,1,3,1,2
67,Ac interdu,0,testemail@qemailserver.com,School of Medicine;Divinity School;The Graduate School,Class of 2004,Male,Black or African-American;Other,None,Environmental Engineering,French Studies;Latin,Architectural Engineering,MD (Doctor of Medicine),India,Telecommunications;Military,Career exploration and decision-making,Cooking/Baking;Family Time;Fashion;Fitness;Gaming;Gardening;Outdoor Activities/Hiking/Camping;Pets;Reading;Athletics/Playing Sports;Travelling;Visual Arts/Crafts;Volunteering;Music/Dance;Watching Sports;Movies/TV;Performing Arts;Time with Friends;Fishing/Hunting,3,10,8,8,6,2,10,6,2
68,Atque! Ped,0,testemail@qemailserver.com,Pratt,Class of 1992;Class of 1955;Class of 1951,Female,Asian Pacific Islander;Native American or American Indian;White,None,African and African American Studies,Energy Engineering;Political Science;Psychology,Human Rights;Latinx Studies in the Global South,MS (Master of Science);MEng (Master of Engineering),Charlotte NC,Technology / Software / IT;Journalism;Military,Academic success and study skills;Personal growth and self-improvement,Family Time;Fashion;Fitness;Gaming;Gardening;Outdoor Activities/Hiking/Camping;Pets;Reading;Athletics/Playing Sports;Travelling;Visual Arts/Crafts;Volunteering;Music/Dance;Watching Sports;Movies/TV;Performing Arts;Time with Friends;Fishing/Hunting,3,4,5,7,8,1,3,2,3
69,Potenti fr,0,testemail@qemailserver.com,Trinity;Fuqua;The Graduate School,Class of 2023;Class of 1981;Class of 1957,Male,Asian,None,Brazilian and Global Portuguese Studies,Mathematics;Religious Studies;Russian Culture and Language,Materials Science and Engineering,Psy.D (Doctor of Psychology);MEd (Master of Education),Denver CO,Journalism;Manufacturing and engineering;Product / Product Management / UX design,Skill development in a specific field;Networking and professional connections;Academic success and study skills,Fitness;Gardening;Outdoor Activities/Hiking/Camping;Travelling;Volunteering;Watching Sports;Fishing/Hunting,8,2,1,2,2,8,9,4,4
70,Fermentum ,0,testemail@qemailserver.com,Trinity;Fuqua;Divinity School,Class of 2012;Class of 1996;Class of 1956,Female,Black or African-American;White,None,Public Policy Studies,Classical Civilization;Greek,Digital Intelligence;Science and the Public,MEM (Master of Environmental Management),New York City/Tri-State area,Medical;Food and beverage,Career exploration and decision-making,Cooking/Baking;Family Time;Fashion;Gardening;Pets;Reading;Travelling;Watching Sports;Movies/TV,4,9,6,8,9,8,9,1,3
71,Fringilla ,0,testemail@qemailserver.com,Pratt,Class of 2009;Class of 2001;Class of 1980,Male,Asian,None,Italian and European Studies,Evolutionary Anthropology,Policy Journalism and Media Studies,MEd (Master of Education),Richmond VA,Technology / Software / IT;Nursing;Pharmaceutical,Career exploration and decision-making;Skill development in a specific field;Networking and professional connections;Academic success and study skills;Work-life balance and time management;Emotional support,Fitness;Pets;Movies/TV,0,7,9,4,1,9,1,1,3
72,Ut augue o,0,testemail@qemailserver.com,Fuqua;Divinity School;The Graduate School,Class of 1981;Class of 1980,Female,Other,None,Art History and Visual Arts;Civil Engineering;Environmental Sciences,Neuroscience;Statistical Science,Information Science and Information Studies,MEd (Master of Education);MHA (Master of Healthcare Administration);DVM (Doctor of Veterinary Medicine),Nashville TN,Healthcare;Nursing;Dentistry,Career exploration and decision-making;Skill development in a specific field;Networking and professional connections;Academic success and study skills;Personal growth and self-improvement;Work-life balance and time management,Cooking/Baking;Family Time;Fashion;Gaming;Gardening;Outdoor Activities/Hiking/Camping;Pets;Travelling;Music/Dance;Watching Sports;Movies/TV;Performing Arts;Time with Friends;Fishing/Hunting,4,7,2,1,3,10,4,8,1
73,Dapibus. D,0,testemail@qemailserver.com,Sanford;School of Nursing;Divinity School,Class of 2002,Male,Asian;Hispanic or Latinx;White,None,Earth and Climate Sciences;Mechanical Engineering,Computational Media;Computer Science;Marine Science and Conservation,None,PhD (Doctor of Philosophy),India,Agriculture and Food Science,Career exploration and decision-making;Networking and professional connections;Academic success and study skills;Personal growth and self-improvement;Work-life balance and time management,Family Time;Gaming;Gardening;Outdoor Activities/Hiking/Camping;Visual Arts/Crafts;Movies/TV;Performing Arts;Time with Friends,4,3,8,1,3,8,10,4,1
74,A phasellu,0,testemail@qemailserver.com,School of Law,Class of 2021;Class of 2020;Class of 1963,Female,Native American or American Indian,None,Classical Civilization;Computational Media;Mathematics,Cultural Anthropology;Economics,Latin American Studies;Policy Journalism and Media Studies,MEd (Master of Education),Baltimore MD,Arts / Creative industries,Skill development in a specific field,Cooking/Baking;Family Time;Fashion;Fitness;Gaming;Gardening;Outdoor Activities/Hiking/Camping;Pets;Reading;Athletics/Playing Sports;Travelling;Visual Arts/Crafts;Volunteering;Music/Dance;Watching Sports;Movies/TV;Performing Arts;Time with Friends;Fishing/Hunting,3,7,7,10,6,9,5,4,1
75,Accumsan t,0,testemail@qemailserver.com,Fuqua;Sanford,Class of 2004;Class of 1992;Class of 1964,Male,Prefer not to answer,None,Earth and Climate Sciences;Gender Sexuality and Feminist Studies;Psychology,Greek;Visual Arts,Digital Intelligence;Markets and Management;Sustainability Engagement,Psy.D (Doctor of Psychology),New York City/Tri-State area,Manufacturing and engineering;Energy and utilities;Pharmaceutical,Career exploration and decision-making;Skill development in a specific field;Networking and professional connections;Academic success and study skills;Personal growth and self-improvement;Work-life balance and time management;Emotional support,Fitness;Gaming;Visual Arts/Crafts;Music/Dance;Movies/TV;Time with Friends,3,6,10,0,9,6,0,10,4
76,Et amet? T,0,testemail@qemailserver.com,Fuqua;School of Medicine;Nicholas School of the Environment,Class of 1986;Class of 1951,Female,Asian Pacific Islander,None,Asian and Middle Eastern Studies;Mechanical Engineering,Computational Media;Latin;Religious Studies,Jewish Studies;Philosophy Politics and Economics;Robotics and Automation,PhD (Doctor of Philosophy),Richmond VA,Nursing;STEM;Military,Skill development in a specific field;Networking and professional connections;Academic success and study skills;Work-life balance and time management;Emotional support,Cooking/Baking;Family Time;Fashion;Gardening;Outdoor Activities/Hiking/Camping;Visual Arts/Crafts;Music/Dance;Movies/TV;Performing Arts;Time with Friends;Fishing/Hunting,5,5,7,5,1,8,9,10,3
77,Mattis auc,0,testemail@qemailserver.com,School of Nursing;Divinity School;School of Law,Class of 2015;Class of 2013,Male,Asian;Hispanic or Latinx,None,Music;Political Science,None;Art History;Linguistics,Global Development Engineering,MSN (Master of Science in Nursing),Pacific Northwest/Seattle,Consulting and professional services,Skill development in a specific field;Networking and professional connections;Personal growth and self-improvement;Work-life balance and time management,Cooking/Baking;Fashion;Fitness;Gaming;Gardening;Athletics/Playing Sports;Travelling;Watching Sports;Movies/TV;Performing Arts,3,8,10,1,3,9,6,5,3
78,Potenti eg,0,testemail@qemailserver.com,School of Law,Class of 1990;Class of 1983;Class of 1969,Female,Asian Pacific Islander;Other,None,English;Marine Science and Conservation;Psychology,African and African American Studies;Art History;Greek,Latinx Studies in the Global South,Psy.D (Doctor of Psychology);MHA (Master of Healthcare Administration);MPA (Master of Public Administration),China,Aerospace and Defense,Academic success and study skills,Cooking/Baking;Family Time;Fashion;Fitness;Gaming;Gardening;Outdoor Activities/Hiking/Camping;Pets;Reading;Athletics/Playing Sports;Travelling;Visual Arts/Crafts;Volunteering;Music/Dance;Watching Sports;Movies/TV;Performing Arts;Time with Friends;Fishing/Hunting,0,8,6,2,9,1,5,6,1
79,Rutrum era,0,testemail@qemailserver.com,Nicholas School of the Environment;Divinity School,Class of 1963,Male,Hispanic or Latinx,None,Earth and Climate Sciences;Economics,Asian American and Diaspora Studies,Jewish Studies;Latinx Studies in the Global South,Psy.D (Doctor of Psychology),Southern California,Physical Therapy,Skill development in a specific field;Academic success and study skills;Personal growth and self-improvement;Work-life balance and time management;Emotional support,Cooking/Baking;Fashion;Fitness;Outdoor Activities/Hiking/Camping;Pets;Athletics/Playing Sports;Visual Arts/Crafts;Watching Sports;Movies/TV;Performing Arts;Fishing/Hunting,2,3,6,3,3,8,2,7,4
80,Tincidunt ,0,testemail@qemailserver.com,Pratt,Class of 1981,Female,Hispanic or Latinx;White,None,Religious Studies,Dance;Spanish Studies;Statistical Science,Global Development Engineering;Markets and Management;Sustainability Engagement,MD (Doctor of Medicine);MPA (Master of Public Administration),Boston MA,Non-profit and Social Services;Dentistry,Career exploration and decision-making;Work-life balance and time management,Cooking/Baking;Family Time;Fashion;Fitness;Gaming;Gardening;Outdoor Activities/Hiking/Camping;Pets;Reading;Travelling;Visual Arts/Crafts;Volunteering;Music/Dance;Watching Sports;Performing Arts;Time with Friends;Fishing/Hunting,4,0,7,1,0,7,10,3,4
81,Accumsan a,0,testemail@qemailserver.com,DKU,Class of 2012;Class of 1969,Male,Black or African-American;Prefer not to answer,None,Biophysics;Neuroscience;Physics,Finance;Photography,Aerospace Engineering,MD (Doctor of Medicine);MA (Master of Arts);MSW (Master of Social Work),Raliegh/Durham/Chapel Hill,Arts / Creative industries;Telecommunications,Career exploration and decision-making;Skill development in a specific field;Academic success and study skills;Personal growth and self-improvement;Work-life balance and time management;Emotional support,Family Time;Fashion;Fitness;Gardening;Outdoor Activities/Hiking/Camping;Pets;Reading;Athletics/Playing Sports;Visual Arts/Crafts;Music/Dance;Movies/TV;Performing Arts;Time with Friends,6,1,4,5,5,7,9,3,3
82,Venenatis ,0,testemail@qemailserver.com,School of Medicine,Class of 1967;Class of 1956,Female,Asian Pacific Islander;Hispanic or Latinx,None,Asian and Middle Eastern Studies,Gender Sexuality and Feminist Studies;Global Cultural Studies;History,Energy and the Environment;Philosophy Politics and Economics,MA (Master of Arts);MHA (Master of Healthcare Administration);MPH (Master of Public Health),Charlotte NC,Consulting and professional services;Law / Legal services;Aerospace and Defense,Skill development in a specific field;Work-life balance and time management,Cooking/Baking;Gardening;Pets;Reading;Travelling;Visual Arts/Crafts;Music/Dance;Watching Sports;Movies/TV,9,4,3,5,2,4,2,4,3
83,Luctus est,0,testemail@qemailserver.com,Sanford;School of Medicine;DKU,Class of 2016;Class of 1975;Class of 1966,Male,Other,None,Civil Engineering;German;Interdisciplinary Engineering and Applied Science (IDEAS),African and African American Studies;Religious Studies,Health Policy;Jewish Studies,MD (Doctor of Medicine);Psy.D (Doctor of Psychology);MPA (Master of Public Administration),Charlotte NC,Finance / Investment / Banking;Real estate,Career exploration and decision-making;Networking and professional connections;Academic success and study skills;Personal growth and self-improvement;Work-life balance and time management;Emotional support,Family Time;Fashion;Fitness;Gaming;Gardening;Outdoor Activities/Hiking/Camping;Pets;Reading;Athletics/Playing Sports;Travelling;Visual Arts/Crafts;Volunteering;Music/Dance;Watching Sports;Movies/TV;Performing Arts;Time with Friends;Fishing/Hunting,7,9,10,1,6,6,6,5,3
84,Accusamus ,0,testemail@qemailserver.com,Trinity;Fuqua;School of Nursing,Class of 1977,Female,Asian;Black or African-American,None,Religious Studies,History;Sexuality Studies,Digital Intelligence;Human Rights;Sustainability Engagement,MEd (Master of Education);DVM (Doctor of Veterinary Medicine),India,Technology / Software / IT;Arts / Creative industries,Personal growth and self-improvement;Emotional support,Family Time;Fashion;Fitness;Reading;Volunteering,8,9,10,4,9,5,1,3,4
85,Id metus; ,0,testemail@qemailserver.com,Sanford,Class of 2009;Class of 2003,Male,Middle Eastern;Other,None,Biophysics;Chemistry,Chemistry;Computational Media;Visual and Media Studies,None;Policy Journalism and Media Studies,MM (Master in Management),New York City/Tri-State area,Healthcare;Energy and utilities,Career exploration and decision-making;Networking and professional connections;Work-life balance and time management;Emotional support,Cooking/Baking;Fashion;Outdoor Activities/Hiking/Camping;Pets;Athletics/Playing Sports;Travelling;Visual Arts/Crafts;Volunteering;Fishing/Hunting,10,0,9,0,3,4,10,9,4
86,Non; purus,0,testemail@qemailserver.com,Fuqua,Class of 1988;Class of 1956,Female,Black or African-American;Middle Eastern,None,International Comparative Studies;Medieval and Renaissance Studies;Public Policy Studies,Neuroscience,Human Rights;Latin American Studies;Materials Science and Engineering,MBA (Masters of Business Administration);PhD (Doctor of Philosophy);MEng (Master of Engineering),Pacific Northwest/Seattle,Biotechnology;Telecommunications,Career exploration and decision-making;Skill development in a specific field;Networking and professional connections;Academic success and study skills;Personal growth and self-improvement;Work-life balance and time management;Emotional support,Fashion;Fitness;Gaming;Gardening;Outdoor Activities/Hiking/Camping;Reading;Travelling;Volunteering;Performing Arts;Time with Friends;Fishing/Hunting,3,9,8,3,8,4,10,9,1
87,Temporibus,0,testemail@qemailserver.com,Pratt;Fuqua,Class of 1997;Class of 1977,Male,Hispanic or Latinx;White,None,Computational Media;Romance Studies;Statistical Science,Neuroscience,Global Development Engineering,MA (Master of Arts);MHA (Master of Healthcare Administration),Pacific Northwest/Seattle,Manufacturing and engineering,Career exploration and decision-making;Skill development in a specific field;Networking and professional connections;Academic success and study skills;Personal growth and self-improvement;Work-life balance and time management,Cooking/Baking;Family Time;Fashion;Gaming;Outdoor Activities/Hiking/Camping;Pets;Athletics/Playing Sports;Travelling;Movies/TV;Fishing/Hunting,1,10,1,5,5,2,1,3,2
88,Rhoncus to,0,testemail@qemailserver.com,Nicholas School of the Environment;Divinity School;The Graduate School,Class of 2023;Class of 2011,Female,Asian;Middle Eastern;Prefer not to answer,None,Italian and European Studies;Music;Political Science,Asian American and Diaspora Studies;Chemistry;Philosophy,Human Rights;Science and the Public,PhD (Doctor of Philosophy);MFA (Master of Fine Arts),Houston/Dallas/Austin,Fashion and apparel,Career exploration and decision-making;Skill development in a specific field;Personal growth and self-improvement;Emotional support,Family Time;Fashion;Gardening;Outdoor Activities/Hiking/Camping;Pets;Travelling;Visual Arts/Crafts;Watching Sports;Movies/TV,4,5,9,9,4,9,4,5,4
89,Maecenas e,0,testemail@qemailserver.com,DKU,Class of 2004,Male,Black or African-American;Native American or American Indian,None,Brazilian and Global Portuguese Studies;Religious Studies,Cinematic Arts;Mathematics;Sociology,Decision Sciences,PhD (Doctor of Philosophy);MEng (Master of Engineering),Chicago IL,Construction;Artificial Intelligence / Machine Learning / Data Science;Private Equity,Skill development in a specific field;Academic success and study skills,Cooking/Baking;Reading;Volunteering;Movies/TV,8,5,8,6,5,1,7,1,4
90,Scelerisqu,0,testemail@qemailserver.com,Trinity;Sanford;School of Nursing,Class of 2000;Class of 1996;Class of 1991,Female,Middle Eastern;Native American or American Indian,None,Linguistics,Music;Musical Theater;Visual and Media Studies,None;East Asian Studies,MSN (Master of Science in Nursing);MPH (Master of Public Health);MM (Master in Management),EU,Marketing / Advertising,Emotional support,Reading;Visual Arts/Crafts,8,6,3,6,3,0,4,6,3
91,Cursus dol,0,testemail@qemailserver.com,Nicholas School of the Environment;The Graduate School,Class of 1990,Male,Asian;White,None,Classical Civilization;Environmental Sciences,Latin;Music;Neuroscience,Markets and Management,None / Not listed,Northern California,Transportation and logistics;Architecture and Design;Dentistry,Career exploration and decision-making;Skill development in a specific field;Networking and professional connections;Academic success and study skills;Personal growth and self-improvement;Work-life balance and time management;Emotional support,Cooking/Baking;Family Time;Fashion;Fitness;Gaming;Gardening;Outdoor Activities/Hiking/Camping;Pets;Athletics/Playing Sports;Travelling;Volunteering;Music/Dance;Watching Sports;Performing Arts;Time with Friends;Fishing/Hunting,3,8,7,5,8,1,3,8,1
92,Potenti. L,0,testemail@qemailserver.com,Trinity;School of Law,Class of 1977;Class of 1971,Female,Asian Pacific Islander;Black or African-American;Other,None,Civil Engineering;Global Cultural Studies;Theater Studies,Electrical and Computer Engineering;Marine Science and Conservation,Energy and the Environment,MM (Master in Management),Boston MA,Retail and e-commerce;Agriculture and Food Science;Religion,Career exploration and decision-making;Skill development in a specific field;Networking and professional connections;Academic success and study skills;Personal growth and self-improvement;Work-life balance and time management;Emotional support,Cooking/Baking;Fashion;Fitness;Outdoor Activities/Hiking/Camping;Visual Arts/Crafts;Volunteering;Music/Dance;Watching Sports;Movies/TV;Performing Arts;Time with Friends;Fishing/Hunting,9,4,4,9,10,2,3,6,1
93,Porta. Pla,0,testemail@qemailserver.com,Nicholas School of the Environment,Class of 1989,Male,Asian Pacific Islander;Black or African-American,None,Russian;Statistical Science,French Studies,Ethics and Society,DVM (Doctor of Veterinary Medicine),New York City/Tri-State area,Aerospace and Defense;Product / Product Management / UX design,Career exploration and decision-making;Skill development in a specific field;Networking and professional connections;Academic success and study skills;Personal growth and self-improvement;Work-life balance and time management;Emotional support,Fashion;Fitness;Gaming;Gardening;Outdoor Activities/Hiking/Camping;Pets;Reading;Travelling;Visual Arts/Crafts;Volunteering;Music/Dance;Watching Sports;Performing Arts;Time with Friends;Fishing/Hunting,2,4,10,3,5,3,1,10,1
94,Ligula! Ut,0,testemail@qemailserver.com,School of Law,Class of 1992;Class of 1979,Female,Asian;Asian Pacific Islander;Prefer not to answer,None,Spanish Latin American and Latinx Studies,Chemistry,Latinx Studies in the Global South;Science and the Public,PhD (Doctor of Philosophy);MEd (Master of Education),China,Real estate,Career exploration and decision-making;Skill development in a specific field;Networking and professional connections;Academic success and study skills;Personal growth and self-improvement;Work-life balance and time management;Emotional support,Watching Sports,5,6,1,7,2,10,5,0,2
95,Morbi! Ame,0,testemail@qemailserver.com,Fuqua;School of Medicine,Class of 2022;Class of 2002;Class of 1993,Male,White,None,Art History;Biomedical Engineering;Music,Greek;Machine Learning and Artificial Intelligence;Physics,Ethics and Society,PhD (Doctor of Philosophy),Raliegh/Durham/Chapel Hill,Artificial Intelligence / Machine Learning / Data Science;Telecommunications;Military,Career exploration and decision-making;Personal growth and self-improvement,Cooking/Baking;Family Time;Fashion;Fitness;Gaming;Outdoor Activities/Hiking/Camping;Pets;Reading;Athletics/Playing Sports;Travelling;Visual Arts/Crafts;Volunteering;Music/Dance;Watching Sports;Movies/TV;Performing Arts;Fishing/Hunting,4,6,0,7,10,1,10,5,1
96,Suscipit p,0,testemail@qemailserver.com,Divinity School;DKU,Class of 1985,Female,White,None,Electrical and Computer Engineering,French Studies;Psychology,Documentary Studies;Human Rights,MBA (Masters of Business Administration);MEng (Master of Engineering),Houston/Dallas/Austin,Technology / Software / IT;Hospitality and tourism;Construction,Networking and professional connections;Academic success and study skills;Personal growth and self-improvement;Work-life balance and time management;Emotional support,Cooking/Baking;Fashion;Fitness;Gardening;Travelling;Visual Arts/Crafts,4,3,10,5,9,9,4,2,1
97,Diam; sagi,0,testemail@qemailserver.com,Sanford,Class of 1981;Class of 1969,Male,Asian;Prefer not to answer,None,Brazilian and Global Portuguese Studies;Economics;Environmental Sciences,Classical Civilization;Greek;Machine Learning and Artificial Intelligence,Information Science and Information Studies;Innovation and Entrepreneurship;Markets and Management,MS (Master of Science);Psy.D (Doctor of Psychology),UK,Agriculture and Food Science;Dentistry,Skill development in a specific field;Networking and professional connections;Academic success and study skills;Work-life balance and time management;Emotional support,Cooking/Baking;Family Time;Fitness;Gaming;Gardening;Outdoor Activities/Hiking/Camping;Pets;Reading;Athletics/Playing Sports;Travelling;Visual Arts/Crafts;Music/Dance;Watching Sports;Movies/TV;Performing Arts;Time with Friends;Fishing/Hunting,8,3,9,9,9,8,8,0,3
98,Urna lectu,0,testemail@qemailserver.com,Pratt,Class of 1966;Class of 1958,Female,Asian;Asian Pacific Islander,None,History;Russian,Inequality Studies,Ethics and Society;Global Development Engineering,MHA (Master of Healthcare Administration);MPA (Master of Public Administration),Nashville TN,Religion,Career exploration and decision-making;Skill development in a specific field;Networking and professional connections,Cooking/Baking;Family Time;Fashion;Gardening;Outdoor Activities/Hiking/Camping;Athletics/Playing Sports;Travelling;Volunteering;Music/Dance;Watching Sports;Movies/TV;Performing Arts;Fishing/Hunting,2,7,9,7,4,10,2,8,2
99,Non eu bla,0,testemail@qemailserver.com,Fuqua;Divinity School,Class of 2001,Male,Asian;Hispanic or Latinx;Prefer not to answer,None,Computer Science;Interdisciplinary Engineering and Applied Science (IDEAS);Medieval and Renaissance Studies,Italian Studies;Philosophy;Russian Culture and Language,Innovation and Entrepreneurship;Latin American Studies,None / Not listed;MEd (Master of Education);MEng (Master of Engineering),Raliegh/Durham/Chapel Hill,Architecture and Design,Skill development in a specific field;Networking and professional connections;Personal growth and self-improvement;Work-life balance and time management,Family Time;Fashion;Volunteering;Music/Dance;Performing Arts,7,4,6,0,9,6,3,4,2
100,Sollicitud,0,testemail@qemailserver.com,Nicholas School of the Environment;Divinity School;School of Law,Class of 1995;Class of 1994;Class of 1989,Female,White;Prefer not to answer,None,African and African American Studies;Art History;Undecided,Asian American and Diaspora Studies;Political Science,Innovation and Entrepreneurship;Latinx Studies in the Global South;Robotics and Automation,MFA (Master of Fine Arts),China,Media Entertainment and Sports;Military,Career exploration and decision-making;Networking and professional connections;Personal growth and self-improvement;Work-life balance and time management;Emotional support,Fitness;Gaming;Gardening;Outdoor Activities/Hiking/Camping;Travelling;Volunteering;Music/Dance,4,3,1,1,4,6,6,8,4